income_group_Menengah Atas,income_group_Menengah Bawah,income_group_Rendah,income_group_Tinggi,spending_ratio,family_size,cluster
0.0,0.0,1.0,0.0,0.10947368421052632,0.375,2
0.0,0.0,1.0,0.0,0.0974436090225564,0.25,2
0.0,1.0,0.0,0.0,0.002937576499388005,0.0,0
0.0,0.0,1.0,0.0,0.054950936663693134,0.125,2
0.0,0.0,1.0,0.0,0.0443213296398892,0.625,2
0.0,0.0,1.0,0.0,0.055172413793103454,0.125,2
0.0,0.0,1.0,0.0,0.008149405772495755,0.25,2
0.0,1.0,0.0,0.0,0.047117794486215545,0.25,0
0.0,1.0,0.0,0.0,0.001302224633749322,0.25,0
0.0,1.0,0.0,0.0,0.030934479054779807,0.375,0
0.0,0.0,1.0,0.0,0.08421052631578949,0.25,2
0.0,1.0,0.0,0.0,0.04482173174872666,0.375,0
0.0,1.0,0.0,0.0,0.007894736842105263,0.5,0
0.0,1.0,0.0,0.0,0.035627530364372474,0.0,0
0.0,0.0,1.0,0.0,0.028808864265927978,0.0,2
0.0,0.0,1.0,0.0,0.0652218782249742,0.125,2
0.0,0.0,1.0,0.0,0.05081669691470055,0.5,2
0.0,1.0,0.0,0.0,0.03122412773506801,0.625,0
0.0,0.0,1.0,0.0,0.061052631578947365,0.375,2
0.0,0.0,1.0,0.0,0.06655348047538201,0.0,2
0.0,1.0,0.0,0.0,0.015350877192982459,0.0,0
0.0,0.0,1.0,0.0,0.768421052631579,0.375,2
0.0,0.0,1.0,0.0,0.005012531328320803,0.125,2
0.0,1.0,0.0,0.0,0.04329132690882135,0.125,0
0.0,0.0,1.0,0.0,0.008798114689709348,0.25,2
0.0,0.0,1.0,0.0,0.06639676113360324,0.25,2
0.0,0.0,1.0,0.0,0.019814241486068113,0.875,2
0.0,1.0,0.0,0.0,0.03292847503373819,0.25,0
0.0,0.0,1.0,0.0,0.07251461988304093,0.0,2
0.0,0.0,1.0,0.0,0.1831578947368421,0.375,2
0.0,0.0,1.0,0.0,0.004318488529014845,0.25,2
0.0,0.0,1.0,0.0,0.09040247678018576,0.125,2
0.0,0.0,1.0,0.0,0.002854594112399643,0.25,2
0.0,0.0,1.0,0.0,0.06247877758913413,0.75,2
0.0,1.0,0.0,0.0,0.006477732793522268,0.125,0
0.0,1.0,0.0,0.0,0.03590027700831025,0.375,0
0.0,0.0,1.0,0.0,0.05112781954887218,0.0,2
0.0,0.0,1.0,0.0,0.04957555178268252,0.5,2
0.0,0.0,1.0,0.0,0.1216374269005848,0.125,2
0.0,0.0,1.0,0.0,0.045766590389016024,0.125,2
0.0,0.0,1.0,0.0,0.05894736842105264,0.0,2
0.0,1.0,0.0,0.0,0.045572755417956655,0.125,0
0.0,0.0,1.0,0.0,0.06889952153110049,0.25,2
0.0,0.0,1.0,0.0,0.07783094098883572,0.125,2
0.0,1.0,0.0,0.0,0.016374269005847954,0.0,0
0.0,0.0,1.0,0.0,0.912280701754386,0.125,2
0.0,0.0,1.0,0.0,0.04453441295546559,0.375,2
0.0,1.0,0.0,0.0,0.027872498146775393,0.0,0
0.0,1.0,0.0,0.0,0.022672064777327937,0.375,0
0.0,0.0,1.0,0.0,0.07073684210526317,0.0,2
0.0,1.0,0.0,0.0,0.02488038277511962,0.125,0
0.0,1.0,0.0,0.0,0.026044492674986434,0.125,0
0.0,1.0,0.0,0.0,0.030725462304409673,0.0,0
0.0,0.0,1.0,0.0,0.037151702786377715,0.125,2
0.0,0.0,1.0,0.0,0.10526315789473685,0.0,2
0.0,1.0,0.0,0.0,0.018171745152354573,0.125,0
0.0,1.0,0.0,0.0,0.02965159377316531,0.375,0
0.0,0.0,1.0,0.0,0.24210526315789474,0.125,2
0.0,0.0,1.0,0.0,0.03767313019390582,0.25,2
0.0,1.0,0.0,0.0,0.02176227084565346,0.625,0
0.0,1.0,0.0,0.0,0.028070175438596492,0.125,0
0.0,0.0,1.0,0.0,0.04631578947368422,0.125,2
0.0,0.0,1.0,0.0,0.043789473684210524,0.25,2
0.0,0.0,1.0,0.0,0.05175438596491228,0.125,2
0.0,0.0,1.0,0.0,0.034085213032581455,0.125,2
0.0,0.0,1.0,0.0,0.2760233918128655,0.125,2
0.0,0.0,1.0,0.0,0.7017543859649124,0.125,2
0.0,1.0,0.0,0.0,0.024646983311938382,0.375,0
0.0,1.0,0.0,0.0,0.030669265756985056,0.375,0
0.0,1.0,0.0,0.0,0.02040151926207271,0.125,0
0.0,1.0,0.0,0.0,0.025448235974551765,0.125,0
0.0,0.0,1.0,0.0,0.19649122807017547,0.125,2
0.0,0.0,1.0,0.0,0.04688995215311006,0.5,2
0.0,0.0,1.0,0.0,0.23578947368421055,0.375,2
0.0,1.0,0.0,0.0,0.022235363690124188,0.375,0
0.0,0.0,1.0,0.0,0.04640171858216971,0.25,2
0.0,0.0,1.0,0.0,0.03330714846818539,0.125,2
0.0,1.0,0.0,0.0,0.020414673046251993,0.25,0
0.0,1.0,0.0,0.0,0.02257189365165491,0.125,0
0.0,1.0,0.0,0.0,0.01804511278195489,0.0,0
0.0,0.0,1.0,0.0,0.04129554655870446,0.375,2
0.0,0.0,1.0,0.0,0.03796376186367559,0.25,2
1.0,0.0,0.0,0.0,0.014385964912280702,0.0,3
0.0,0.0,1.0,0.0,0.05448916408668732,0.375,2
0.0,0.0,1.0,0.0,0.1,0.25,2
0.0,0.0,1.0,0.0,0.06247877758913413,0.5,2
0.0,0.0,1.0,0.0,0.22200956937799043,0.25,2
0.0,0.0,1.0,0.0,0.04210526315789474,0.125,2
0.0,1.0,0.0,0.0,0.0332409972299169,0.25,0
0.0,0.0,1.0,0.0,0.03458646616541354,0.125,2
0.0,0.0,1.0,0.0,0.050343249427917625,0.25,2
0.0,0.0,1.0,0.0,0.04795321637426901,0.375,2
0.0,1.0,0.0,0.0,0.02344497607655503,0.125,0
0.0,0.0,1.0,0.0,0.054329371816638376,0.125,2
0.0,0.0,1.0,0.0,0.0736842105263158,0.0,2
0.0,1.0,0.0,0.0,0.02736842105263158,0.0,0
0.0,0.0,1.0,0.0,0.9894736842105264,0.0,2
0.0,0.0,1.0,0.0,0.03142183817753339,0.125,2
0.0,0.0,1.0,0.0,0.030490018148820328,0.125,2
0.0,1.0,0.0,0.0,0.02578947368421053,0.25,0
0.0,0.0,1.0,0.0,0.026558704453441297,0.375,2
0.0,0.0,1.0,0.0,0.5052631578947369,0.75,2
0.0,1.0,0.0,0.0,0.025349087003222345,0.25,0
0.0,0.0,1.0,0.0,0.04453441295546559,0.5,2
0.0,1.0,0.0,0.0,0.027417380660954713,0.125,0
0.0,1.0,0.0,0.0,0.02156611039794609,0.125,0
0.0,0.0,1.0,0.0,0.04895960832313342,0.125,2
0.0,1.0,0.0,0.0,0.02483130904183536,0.0,0
0.0,0.0,1.0,0.0,0.13927125506072874,0.5,2
0.0,0.0,1.0,0.0,0.15546558704453442,0.25,2
0.0,0.0,1.0,0.0,0.06439628482972137,0.375,2
0.0,0.0,1.0,0.0,0.09094736842105264,0.0,2
0.0,1.0,0.0,0.0,0.02490733876945886,0.5,0
0.0,0.0,1.0,0.0,0.968421052631579,0.0,2
0.0,1.0,0.0,0.0,0.02083559413998915,0.25,0
0.0,0.0,1.0,0.0,0.0412796697626419,0.375,2
0.0,0.0,1.0,0.0,0.20116959064327486,0.0,2
0.0,1.0,0.0,0.0,0.03144570286475683,0.125,0
0.0,1.0,0.0,0.0,0.02155388471177945,0.75,0
0.0,1.0,0.0,0.0,0.027586206896551727,0.125,0
0.0,0.0,1.0,0.0,0.06549707602339182,0.25,2
0.0,0.0,1.0,0.0,0.033684210526315796,0.375,2
0.0,1.0,0.0,0.0,0.025176342919153556,0.375,0
0.0,0.0,1.0,0.0,0.6385964912280703,0.25,2
0.0,0.0,1.0,0.0,0.10175438596491229,0.125,2
0.0,0.0,1.0,0.0,0.07048054919908467,0.125,2
0.0,1.0,0.0,0.0,0.01655824955647546,0.75,0
0.0,0.0,1.0,0.0,1.0,0.125,2
0.0,0.0,1.0,0.0,0.012188365650969531,0.125,2
0.0,0.0,1.0,0.0,0.049342105263157895,0.5,2
0.0,0.0,1.0,0.0,0.005741626794258374,0.5,2
0.0,0.0,1.0,0.0,0.12145748987854253,0.125,2
0.0,0.0,1.0,0.0,0.03491655969191271,0.375,2
0.0,0.0,1.0,0.0,0.0664327485380117,0.0,2
0.0,1.0,0.0,0.0,0.002365464222353637,0.125,0
0.0,1.0,0.0,0.0,0.0402745995423341,0.5,0
0.0,1.0,0.0,0.0,0.0038781163434903052,0.125,0
0.0,1.0,0.0,0.0,0.036160990712074306,0.375,0
0.0,0.0,1.0,0.0,0.019138755980861247,0.375,2
0.0,0.0,1.0,0.0,0.20210526315789473,0.375,2
0.0,0.0,1.0,0.0,0.006578947368421053,0.125,2
0.0,0.0,1.0,0.0,0.05933014354066986,0.5,2
0.0,0.0,1.0,0.0,0.027164685908319188,0.25,2
0.0,1.0,0.0,0.0,0.043095975232198144,0.125,0
0.0,1.0,0.0,0.0,0.007116382505559674,0.5,0
0.0,0.0,1.0,0.0,0.15708502024291499,0.5,2
0.0,0.0,1.0,0.0,0.029149797570850202,0.125,2
0.0,0.0,1.0,0.0,0.08199445983379502,0.0,2
0.0,0.0,1.0,0.0,0.018163054695562435,0.375,2
0.0,1.0,0.0,0.0,0.04210526315789474,0.25,0
0.0,0.0,1.0,0.0,0.02385964912280702,1.0,2
0.0,0.0,1.0,0.0,0.09037227214377408,0.0,2
0.0,0.0,1.0,0.0,0.049535603715170275,0.125,2
0.0,1.0,0.0,0.0,0.03478260869565218,0.125,0
0.0,1.0,0.0,0.0,0.008421052631578949,0.375,0
0.0,0.0,1.0,0.0,0.3747368421052632,0.375,2
0.0,0.0,1.0,0.0,0.0026315789473684214,0.0,2
0.0,1.0,0.0,0.0,0.037749546279491834,0.375,0
0.0,0.0,1.0,0.0,0.0006379585326953748,0.125,2
0.0,1.0,0.0,0.0,0.035740514075887395,0.25,0
0.0,0.0,1.0,0.0,0.16374269005847955,0.0,2
0.0,0.0,1.0,0.0,0.06989473684210527,0.5,2
0.0,0.0,1.0,0.0,0.006015037593984964,0.5,2
0.0,0.0,1.0,0.0,0.06751361161524502,0.5,2
0.0,0.0,1.0,0.0,0.023292273236282197,0.125,2
0.0,0.0,1.0,0.0,0.058479532163742694,0.25,2
0.0,1.0,0.0,0.0,0.01065956029313791,0.25,0
0.0,1.0,0.0,0.0,0.04819277108433736,0.5,0
0.0,0.0,1.0,0.0,0.019944598337950138,0.25,2
0.0,0.0,1.0,0.0,0.007932875667429444,0.5,2
0.0,0.0,1.0,0.0,0.7894736842105263,0.125,2
0.0,1.0,0.0,0.0,0.005329780146568955,0.125,0
0.0,1.0,0.0,0.0,0.03912812333864966,0.125,0
0.0,0.0,1.0,0.0,0.02736842105263158,0.125,2
0.0,0.0,1.0,0.0,0.1293233082706767,0.375,2
0.0,0.0,1.0,0.0,0.02177858439201452,0.0,2
0.0,0.0,1.0,0.0,0.06456140350877193,0.625,2
0.0,1.0,0.0,0.0,0.006854345165238678,0.25,0
0.0,0.0,1.0,0.0,0.09022556390977444,0.0,2
0.0,0.0,1.0,0.0,0.022836752899197146,0.125,2
0.0,0.0,1.0,0.0,0.05936151855047455,0.5,2
0.0,0.0,1.0,0.0,0.05741626794258374,0.0,2
0.0,0.0,1.0,0.0,0.056140350877192984,0.375,2
0.0,0.0,1.0,0.0,0.04210526315789474,0.0,2
0.0,1.0,0.0,0.0,0.056725146198830415,0.125,0
0.0,0.0,1.0,0.0,0.07218045112781955,0.125,2
0.0,0.0,1.0,0.0,0.06507177033492823,0.25,2
0.0,1.0,0.0,0.0,0.009418282548476455,0.125,0
0.0,1.0,0.0,0.0,0.03767313019390582,0.125,0
0.0,1.0,0.0,0.0,0.010526315789473686,0.25,0
0.0,1.0,0.0,0.0,0.029645542427497316,0.125,0
0.0,1.0,0.0,0.0,0.0035087719298245615,0.125,0
0.0,0.0,1.0,0.0,0.08514619883040936,0.375,2
0.0,0.0,1.0,0.0,0.08421052631578949,0.125,2
0.0,0.0,1.0,0.0,0.07231121281464531,0.25,2
0.0,1.0,0.0,0.0,0.01511470985155196,0.125,0
0.0,0.0,1.0,0.0,0.7789473684210526,0.5,2
0.0,1.0,0.0,0.0,0.009356725146198832,0.125,0
0.0,0.0,1.0,0.0,0.10590111642743222,0.125,2
0.0,0.0,1.0,0.0,0.010526315789473686,0.25,2
0.0,1.0,0.0,0.0,0.007925696594427246,0.25,0
0.0,0.0,1.0,0.0,0.0,0.875,2
0.0,0.0,1.0,0.0,0.039431913116123644,0.125,2
0.0,0.0,1.0,0.0,0.21894736842105264,0.25,2
0.0,0.0,1.0,0.0,0.04669856459330144,0.25,2
0.0,1.0,0.0,0.0,0.005432937181663837,0.0,0
0.0,0.0,1.0,0.0,0.019649122807017545,0.125,2
0.0,0.0,1.0,0.0,0.06905263157894737,0.0,2
0.0,1.0,0.0,0.0,0.030138504155124656,0.375,0
0.0,0.0,1.0,0.0,0.04465709728867624,0.25,2
0.0,1.0,0.0,0.0,0.02016308376575241,0.125,0
0.0,1.0,0.0,0.0,0.033795013850415515,0.0,0
0.0,1.0,0.0,0.0,0.01654135338345865,0.25,0
0.0,0.0,1.0,0.0,0.07017543859649124,0.25,2
0.0,1.0,0.0,0.0,0.02435003170577045,0.0,0
0.0,0.0,1.0,0.0,0.08105263157894738,0.375,2
0.0,1.0,0.0,0.0,0.01343784994400896,0.125,0
0.0,0.0,1.0,0.0,0.20584795321637428,0.125,2
0.0,0.0,1.0,0.0,0.02308998302207131,0.375,2
0.0,0.0,1.0,0.0,0.08421052631578949,0.375,2
0.0,1.0,0.0,0.0,0.009060626249167222,0.25,0
0.0,0.0,1.0,0.0,0.2105263157894737,0.375,2
0.0,0.0,1.0,0.0,0.08310249307479226,0.125,2
0.0,0.0,1.0,0.0,0.09624060150375942,0.125,2
0.0,0.0,1.0,0.0,0.0020539152759948653,0.125,2
0.0,0.0,1.0,0.0,0.06220095693779905,0.0,2
0.0,0.0,1.0,0.0,0.049902534113060434,0.375,2
0.0,1.0,0.0,0.0,0.024272445820433437,0.125,0
0.0,0.0,1.0,0.0,0.09716599190283402,0.375,2
0.0,0.0,1.0,0.0,0.014333706606942892,0.25,2
0.0,0.0,1.0,0.0,0.10225563909774436,0.625,2
0.0,0.0,1.0,0.0,0.03259762308998302,0.25,2
0.0,0.0,1.0,0.0,0.1230769230769231,0.375,2
0.0,1.0,0.0,0.0,0.005329780146568955,0.75,0
0.0,0.0,1.0,0.0,0.10225563909774436,0.0,2
0.0,0.0,1.0,0.0,0.4,0.625,2
0.0,1.0,0.0,0.0,0.018660287081339714,0.125,0
1.0,0.0,0.0,0.0,0.029149797570850202,0.125,3
0.0,0.0,1.0,0.0,0.13333333333333333,0.125,2
0.0,0.0,1.0,0.0,0.41169590643274856,0.375,2
0.0,0.0,1.0,0.0,0.06403508771929825,0.25,2
0.0,0.0,1.0,0.0,0.058145363408521306,0.375,2
0.0,1.0,0.0,0.0,0.031207430340557278,0.125,0
0.0,0.0,1.0,0.0,0.056793145654834766,0.25,2
0.0,1.0,0.0,0.0,0.011379800853485065,0.125,0
0.0,0.0,1.0,0.0,0.006912804399057346,0.0,2
0.0,0.0,1.0,0.0,0.06383701188455009,0.125,2
0.0,0.0,1.0,0.0,0.7663157894736843,0.0,2
0.0,0.0,1.0,0.0,0.030315789473684216,0.375,2
0.0,1.0,0.0,0.0,0.03842105263157895,0.125,0
0.0,0.0,1.0,0.0,0.02623951182303585,0.25,2
0.0,1.0,0.0,0.0,0.019842710223835453,0.125,0
0.0,1.0,0.0,0.0,0.008527648234510328,0.25,0
0.0,0.0,1.0,0.0,0.11315789473684211,0.125,2
0.0,1.0,0.0,0.0,0.007028452603794596,0.125,0
1.0,0.0,0.0,0.0,0.021195629490234222,0.25,3
0.0,0.0,0.0,1.0,0.0019842387662853743,0.125,1
0.0,0.0,0.0,1.0,0.006073671887980466,0.125,1
0.0,0.0,0.0,1.0,0.003061236203709963,0.125,1
1.0,0.0,0.0,0.0,0.004892425607829279,0.125,3
1.0,0.0,0.0,0.0,0.030991050867329367,0.375,3
0.0,0.0,0.0,1.0,0.0174891500004036,0.375,1
0.0,1.0,0.0,0.0,0.006473616237555822,0.625,0
1.0,0.0,0.0,0.0,0.03559133671273076,0.0,3
0.0,1.0,0.0,0.0,0.041692374162159804,0.125,0
1.0,0.0,0.0,0.0,0.0025509451650421663,0.375,3
0.0,0.0,0.0,1.0,0.020912791647982563,0.125,1
0.0,0.0,0.0,1.0,0.010127156228359318,0.0,1
0.0,0.0,1.0,0.0,0.0345367754986247,0.375,2
0.0,0.0,1.0,0.0,0.012660335996274245,0.125,2
1.0,0.0,0.0,0.0,0.0022069235131542495,0.0,3
0.0,0.0,1.0,0.0,0.05867057369227774,0.0,2
0.0,0.0,0.0,1.0,0.0107499280754011,0.125,1
0.0,1.0,0.0,0.0,0.026454619210272604,0.5,0
0.0,0.0,0.0,1.0,0.008378095849224741,0.375,1
1.0,0.0,0.0,0.0,0.021029788877235892,0.125,3
1.0,0.0,0.0,0.0,0.011253478028053047,0.25,3
0.0,0.0,1.0,0.0,0.0455132989859637,0.5,2
0.0,1.0,0.0,0.0,0.034111595810600866,0.125,0
1.0,0.0,0.0,0.0,0.023794675356274067,0.0,3
0.0,0.0,1.0,0.0,0.01619999631818266,0.0,2
0.0,0.0,0.0,1.0,0.010868751121275408,0.5,1
0.0,1.0,0.0,0.0,0.057069772892876985,0.0,0
0.0,0.0,0.0,1.0,0.008107857672349889,0.25,1
0.0,0.0,0.0,1.0,0.004869827976370377,0.0,1
0.0,0.0,0.0,1.0,0.011649966477792536,0.5,1
0.0,0.0,1.0,0.0,0.011877718884088312,0.25,2
0.0,0.0,0.0,1.0,0.01800898610359416,0.25,1
0.0,0.0,0.0,1.0,0.016855774603658398,0.25,1
0.0,0.0,0.0,1.0,0.01587337581351051,0.125,1
0.0,0.0,1.0,0.0,0.056959676737081674,0.125,2
1.0,0.0,0.0,0.0,0.02513184400978571,0.125,3
1.0,0.0,0.0,0.0,0.009649940371410122,0.0,3
1.0,0.0,0.0,0.0,0.005920257097031535,0.5,3
0.0,1.0,0.0,0.0,0.012050319725108108,0.5,0
0.0,1.0,0.0,0.0,0.029171354208386287,0.0,0
0.0,1.0,0.0,0.0,0.02101660311646201,0.125,0
0.0,0.0,0.0,1.0,0.0011809739196672016,0.0,1
0.0,0.0,0.0,1.0,0.023163534553950895,0.375,1
0.0,0.0,0.0,1.0,0.02193863525829439,0.0,1
1.0,0.0,0.0,0.0,0.022800209148072376,0.0,3
0.0,1.0,0.0,0.0,0.03712065517956392,0.125,0
0.0,0.0,0.0,1.0,0.012956716310790976,0.0,1
0.0,1.0,0.0,0.0,0.011963944811703039,0.625,0
0.0,0.0,0.0,1.0,0.005015052121715315,0.25,1
0.0,0.0,1.0,0.0,0.0031213592270890283,0.125,2
1.0,0.0,0.0,0.0,0.0028678640596587423,0.125,3
0.0,1.0,0.0,0.0,0.011234191996004537,0.0,0
1.0,0.0,0.0,0.0,0.010604435128251806,0.375,3
1.0,0.0,0.0,0.0,0.009003034504933583,0.25,3
0.0,1.0,0.0,0.0,0.017909512189661737,0.0,0
0.0,1.0,0.0,0.0,0.04238676657503984,0.75,0
0.0,0.0,0.0,1.0,0.021463948615307017,0.125,1
1.0,0.0,0.0,0.0,0.0038632226037154547,0.625,3
0.0,0.0,1.0,0.0,0.045977445858408364,0.25,2
1.0,0.0,0.0,0.0,0.014589488273698801,0.375,3
0.0,0.0,0.0,1.0,0.01950968462426618,0.25,1
0.0,1.0,0.0,0.0,0.03812211682276751,0.375,0
0.0,1.0,0.0,0.0,0.04283095582996841,0.375,0
1.0,0.0,0.0,0.0,0.008447137391844965,0.5,3
0.0,0.0,0.0,1.0,0.016816952950918264,0.125,1
0.0,0.0,0.0,1.0,0.022023020939075377,0.625,1
0.0,1.0,0.0,0.0,0.014837475098134625,0.375,0
1.0,0.0,0.0,0.0,0.026552565431271165,0.375,3
0.0,0.0,0.0,1.0,0.01920366979425026,0.75,1
0.0,1.0,0.0,0.0,0.05375361337713579,0.125,0
0.0,1.0,0.0,0.0,0.01874025927441523,0.25,0
0.0,0.0,0.0,1.0,0.015143962291533895,0.5,1
0.0,0.0,0.0,1.0,0.005616812289351255,0.0,1
0.0,0.0,1.0,0.0,0.026906470585762274,0.5,2
0.0,1.0,0.0,0.0,0.03356338234985631,0.0,0
0.0,0.0,0.0,1.0,0.00941182006952982,0.5,1
0.0,1.0,0.0,0.0,0.02206915855277456,0.0,0
0.0,0.0,0.0,1.0,0.025526825296672148,0.625,1
0.0,0.0,1.0,0.0,0.05560855412965423,0.625,2
0.0,0.0,1.0,0.0,0.05710507097736741,0.0,2
0.0,0.0,0.0,1.0,0.005371357170745037,0.125,1
1.0,0.0,0.0,0.0,0.017083460391569997,0.75,3
0.0,0.0,0.0,1.0,0.022987785126903023,0.625,1
0.0,0.0,0.0,1.0,0.02353090055287356,0.625,1
1.0,0.0,0.0,0.0,0.019004245412680584,0.75,3
0.0,1.0,0.0,0.0,0.005069702650417502,0.375,0
0.0,0.0,1.0,0.0,0.0324306473572483,0.5,2
1.0,0.0,0.0,0.0,0.019967599743811928,0.5,3
1.0,0.0,0.0,0.0,0.0035110638742980615,0.25,3
1.0,0.0,0.0,0.0,0.029612379584034582,0.5,3
0.0,1.0,0.0,0.0,0.023693688001516396,0.125,0
1.0,0.0,0.0,0.0,0.016870383238872577,0.75,3
0.0,0.0,0.0,1.0,0.014818207535732087,0.625,1
0.0,0.0,0.0,1.0,0.011689261374602768,0.625,1
0.0,0.0,1.0,0.0,0.040531297761490205,0.0,2
1.0,0.0,0.0,0.0,0.012687028725858496,0.75,3
0.0,0.0,1.0,0.0,0.042623243935895366,0.375,2
0.0,1.0,0.0,0.0,0.043805005533085965,0.625,0
1.0,0.0,0.0,0.0,0.008419436099847778,0.0,3
1.0,0.0,0.0,0.0,0.010507618409656503,0.0,3
0.0,1.0,0.0,0.0,0.041625287619174875,0.375,0
1.0,0.0,0.0,0.0,0.03129399457758955,0.375,3
1.0,0.0,0.0,0.0,0.025641604669103108,0.0,3
1.0,0.0,0.0,0.0,0.016827770495698596,0.75,3
0.0,0.0,1.0,0.0,0.05829890521382805,0.75,2
0.0,1.0,0.0,0.0,0.04175987419837898,0.25,0
0.0,1.0,0.0,0.0,0.035498964128587725,0.5,0
1.0,0.0,0.0,0.0,0.03386603349727002,0.25,3
0.0,1.0,0.0,0.0,0.007606664150920971,0.5,0
1.0,0.0,0.0,0.0,0.025269415083233646,0.0,3
0.0,0.0,0.0,1.0,0.011845728291757769,0.5,1
0.0,0.0,1.0,0.0,0.010371054995569425,0.0,2
0.0,0.0,0.0,1.0,0.023215946695219057,0.0,1
0.0,0.0,1.0,0.0,0.019635490811098118,0.0,2
1.0,0.0,0.0,0.0,0.02585480679214298,0.125,3
1.0,0.0,0.0,0.0,0.011419843405397305,0.5,3
0.0,0.0,0.0,1.0,0.012743723716069837,0.25,1
1.0,0.0,0.0,0.0,0.0007020352000449302,0.125,3
0.0,0.0,0.0,1.0,0.00045246258417218013,0.625,1
1.0,0.0,0.0,0.0,0.018445692481387242,0.5,3
0.0,0.0,0.0,1.0,0.01726400009798487,0.25,1
1.0,0.0,0.0,0.0,0.03344226302339868,0.125,3
1.0,0.0,0.0,0.0,0.017672048943542826,0.75,3
0.0,0.0,0.0,1.0,0.014463181550618534,0.625,1
0.0,1.0,0.0,0.0,0.007530424854388716,0.125,0
0.0,0.0,0.0,1.0,0.02544007703918982,0.5,1
0.0,0.0,0.0,1.0,0.013180427452892088,0.375,1
0.0,0.0,1.0,0.0,0.02418267593400548,0.125,2
0.0,1.0,0.0,0.0,0.03653257566731001,0.5,0
0.0,1.0,0.0,0.0,0.0004743560172357259,0.0,0
0.0,0.0,0.0,1.0,0.02293961752910633,0.0,1
0.0,1.0,0.0,0.0,0.03731382837759051,0.125,0
0.0,0.0,1.0,0.0,0.047083835485456985,0.25,2
1.0,0.0,0.0,0.0,0.018701116939290746,0.0,3
0.0,0.0,0.0,1.0,0.015172979615285432,0.25,1
0.0,0.0,0.0,1.0,0.02181137196085654,0.75,1
0.0,0.0,0.0,1.0,0.0011283615654098505,0.5,1
1.0,0.0,0.0,0.0,0.017667731968614295,0.75,3
0.0,0.0,0.0,1.0,0.0029809739338670935,0.625,1
0.0,0.0,1.0,0.0,0.0021417078871070077,0.5,2
1.0,0.0,0.0,0.0,0.029774044774208537,0.0,3
1.0,0.0,0.0,0.0,0.02690457809505548,0.75,3
0.0,0.0,0.0,1.0,0.0032688427625340425,0.5,1
0.0,1.0,0.0,0.0,0.030381001124097043,0.625,0
1.0,0.0,0.0,0.0,0.009002702217337424,0.5,3
0.0,0.0,1.0,0.0,0.022090156341300043,0.25,2
0.0,0.0,0.0,1.0,0.00955022646676732,0.25,1
1.0,0.0,0.0,0.0,0.028900626081930326,0.5,3
0.0,0.0,0.0,1.0,0.021752064018396033,0.25,1
1.0,0.0,0.0,0.0,0.025632671575995296,0.375,3
1.0,0.0,0.0,0.0,0.02537123176856893,0.375,3
0.0,0.0,0.0,1.0,0.013294474691682438,0.125,1
0.0,0.0,1.0,0.0,0.07711442541392448,0.375,2
0.0,1.0,0.0,0.0,0.0009705475222528349,0.25,0
0.0,0.0,1.0,0.0,0.019988826246128417,0.5,2
0.0,0.0,0.0,1.0,0.0039689852155300725,0.5,1
0.0,0.0,0.0,1.0,0.014602721722671849,0.25,1
0.0,1.0,0.0,0.0,0.012759669565718473,0.5,0
0.0,1.0,0.0,0.0,0.020603377446336998,0.0,0
0.0,0.0,1.0,0.0,0.052704946628755044,0.25,2
0.0,0.0,1.0,0.0,0.03662014053876484,0.75,2
0.0,0.0,1.0,0.0,0.01887048745234592,0.25,2
0.0,1.0,0.0,0.0,0.0510224652794323,0.0,0
0.0,1.0,0.0,0.0,0.04674268769079437,0.0,0
1.0,0.0,0.0,0.0,0.006663806782922329,0.375,3
0.0,0.0,0.0,1.0,0.008748747920890814,0.75,1
0.0,1.0,0.0,0.0,0.030492340122996363,0.75,0
0.0,1.0,0.0,0.0,0.047380480241126684,0.75,0
0.0,1.0,0.0,0.0,0.03630266337178913,0.125,0
1.0,0.0,0.0,0.0,0.007193257415798817,0.625,3
0.0,1.0,0.0,0.0,0.028936052357719882,0.625,0
0.0,0.0,0.0,1.0,0.011957313662280304,0.375,1
1.0,0.0,0.0,0.0,0.022921846184345077,0.0,3
1.0,0.0,0.0,0.0,0.008147618552942208,0.625,3
0.0,1.0,0.0,0.0,0.04423586394672098,0.25,0
1.0,0.0,0.0,0.0,0.015051888391958016,0.5,3
0.0,1.0,0.0,0.0,0.02816868888606689,0.75,0
0.0,1.0,0.0,0.0,0.00365231553951834,0.5,0
0.0,0.0,0.0,1.0,0.007556579891940908,0.375,1
0.0,0.0,0.0,1.0,0.023439664925753802,0.125,1
1.0,0.0,0.0,0.0,0.015566401589996736,0.25,3
0.0,1.0,0.0,0.0,0.036787260840745926,0.75,0
1.0,0.0,0.0,0.0,0.032750120143103786,0.5,3
1.0,0.0,0.0,0.0,0.02280238920176572,0.25,3
0.0,0.0,1.0,0.0,0.005983155920295389,0.625,2
0.0,1.0,0.0,0.0,0.03581117742810635,0.0,0
1.0,0.0,0.0,0.0,0.035918725551775964,0.5,3
0.0,0.0,0.0,1.0,0.0017759189825760152,0.75,1
1.0,0.0,0.0,0.0,0.0170561898530374,0.5,3
0.0,0.0,0.0,1.0,0.003370539677571767,0.375,1
1.0,0.0,0.0,0.0,0.006591034545259811,0.75,3
0.0,0.0,0.0,1.0,0.0035346701863824795,0.75,1
0.0,0.0,0.0,1.0,0.013342249967707177,0.5,1
0.0,1.0,0.0,0.0,0.009503793957746996,0.0,0
0.0,0.0,0.0,1.0,0.022157315169834938,0.125,1
0.0,0.0,0.0,1.0,0.019792353471640652,0.625,1
0.0,0.0,0.0,1.0,0.010145418725209115,0.375,1
0.0,0.0,0.0,1.0,0.019151712742124415,0.25,1
0.0,0.0,0.0,1.0,0.004135616515308846,0.625,1
1.0,0.0,0.0,0.0,0.029478670496280477,0.25,3
0.0,0.0,0.0,1.0,0.007953178501990425,0.0,1
0.0,0.0,0.0,1.0,0.00844567845190714,0.625,1
1.0,0.0,0.0,0.0,0.02092765792361109,0.25,3
0.0,1.0,0.0,0.0,0.024925418474408607,0.5,0
0.0,0.0,0.0,1.0,0.01471826030163235,0.75,1
0.0,1.0,0.0,0.0,0.003176716783786038,0.75,0
0.0,1.0,0.0,0.0,0.026571645355722717,0.0,0
0.0,0.0,0.0,1.0,0.01878740706943289,0.75,1
0.0,0.0,0.0,1.0,0.01552731636438596,0.625,1
1.0,0.0,0.0,0.0,0.024406153256114976,0.75,3
0.0,0.0,1.0,0.0,0.07116823548145756,0.25,2
0.0,0.0,1.0,0.0,0.032489743168580255,0.0,2
0.0,1.0,0.0,0.0,0.022390593960261676,0.625,0
0.0,1.0,0.0,0.0,0.04520570096789494,0.0,0
0.0,1.0,0.0,0.0,0.043789403621164735,0.375,0
0.0,0.0,1.0,0.0,0.02598483398675827,0.375,2
1.0,0.0,0.0,0.0,0.03563791874554526,0.375,3
1.0,0.0,0.0,0.0,0.010115968743101724,0.125,3
0.0,1.0,0.0,0.0,0.006748629711826482,0.25,0
1.0,0.0,0.0,0.0,0.017700179166215746,0.0,3
0.0,0.0,1.0,0.0,0.002071361868644587,0.5,2
1.0,0.0,0.0,0.0,0.02156720691001159,0.125,3
0.0,0.0,0.0,1.0,0.016619657539172054,0.5,1
0.0,0.0,0.0,1.0,0.006575826895010226,0.75,1
0.0,0.0,1.0,0.0,0.055844913271498604,0.0,2
1.0,0.0,0.0,0.0,0.009603123231155487,0.75,3
1.0,0.0,0.0,0.0,0.014772351144326333,0.75,3
1.0,0.0,0.0,0.0,0.0006448121037679999,0.0,3
1.0,0.0,0.0,0.0,0.040795720528916515,0.625,3
0.0,0.0,1.0,0.0,0.005079961773287656,0.375,2
0.0,0.0,1.0,0.0,0.04562688773215089,0.125,2
0.0,0.0,0.0,1.0,0.022809067153809717,0.625,1
0.0,1.0,0.0,0.0,0.03404077631125071,0.0,0
1.0,0.0,0.0,0.0,0.003181477438353904,0.125,3
0.0,0.0,0.0,1.0,0.011088133406085067,0.125,1
0.0,0.0,1.0,0.0,0.025043091726192925,0.75,2
1.0,0.0,0.0,0.0,0.025164367458617047,0.375,3
0.0,0.0,1.0,0.0,0.0283200583060024,0.75,2
1.0,0.0,0.0,0.0,0.006070873107188492,0.625,3
0.0,1.0,0.0,0.0,0.018170623381295187,0.25,0
0.0,1.0,0.0,0.0,0.008425265264211054,0.375,0
0.0,0.0,1.0,0.0,0.028153107071831347,0.0,2
0.0,0.0,1.0,0.0,0.05558311258394633,0.0,2
0.0,0.0,0.0,1.0,0.0009744276683864301,0.0,1
0.0,0.0,0.0,1.0,0.01017462503024377,0.125,1
0.0,0.0,0.0,1.0,0.01563701280931966,0.0,1
1.0,0.0,0.0,0.0,0.018535697704157788,0.625,3
0.0,1.0,0.0,0.0,0.004633246916258274,0.375,0
1.0,0.0,0.0,0.0,0.009414685514634607,0.625,3
0.0,0.0,0.0,1.0,0.011768069120753157,0.5,1
1.0,0.0,0.0,0.0,0.002012840243385933,0.25,3
0.0,1.0,0.0,0.0,0.02026697604826022,0.0,0
0.0,0.0,1.0,0.0,0.043800987086530414,0.0,2
1.0,0.0,0.0,0.0,0.014716869211333491,0.375,3
1.0,0.0,0.0,0.0,0.02308769476059901,0.375,3
0.0,0.0,0.0,1.0,0.002380374998326299,0.25,1
1.0,0.0,0.0,0.0,0.010604524155117676,0.5,3
0.0,0.0,0.0,1.0,0.0008471713478178455,0.0,1
0.0,0.0,0.0,1.0,0.01949869989550991,0.375,1
0.0,0.0,1.0,0.0,0.0019874410288982206,0.0,2
0.0,0.0,1.0,0.0,0.0430276688079655,0.625,2
0.0,0.0,1.0,0.0,0.013845057518069836,0.625,2
0.0,1.0,0.0,0.0,0.030333899264289758,0.125,0
0.0,0.0,0.0,1.0,0.019143218269502157,0.125,1
0.0,0.0,0.0,1.0,0.01615642652158196,0.0,1
1.0,0.0,0.0,0.0,0.03318828275824262,0.25,3
0.0,0.0,0.0,1.0,0.006084259078703238,0.625,1
1.0,0.0,0.0,0.0,0.022944550669216066,0.25,3
0.0,1.0,0.0,0.0,0.023029314398119272,0.125,0
0.0,1.0,0.0,0.0,0.03575090678134709,0.625,0
0.0,1.0,0.0,0.0,0.017899070974291182,0.125,0
0.0,0.0,1.0,0.0,0.05062728105283047,0.0,2
1.0,0.0,0.0,0.0,0.03399594972986015,0.375,3
0.0,0.0,1.0,0.0,0.005432837037202322,0.625,2
1.0,0.0,0.0,0.0,0.008980061457295598,0.625,3
1.0,0.0,0.0,0.0,0.0007840174130267434,0.625,3
0.0,1.0,0.0,0.0,0.011421002354340324,0.625,0
0.0,0.0,1.0,0.0,0.049682097464955256,0.125,2
0.0,0.0,0.0,1.0,0.011629070044726927,0.375,1
1.0,0.0,0.0,0.0,0.0053875468439275225,0.125,3
0.0,0.0,1.0,0.0,0.05230383091597934,0.0,2
1.0,0.0,0.0,0.0,0.014982373237885628,0.25,3
1.0,0.0,0.0,0.0,0.024541633859274183,0.375,3
0.0,0.0,0.0,1.0,0.007680639029167227,0.5,1
1.0,0.0,0.0,0.0,0.03187482893264364,0.375,3
0.0,0.0,0.0,1.0,0.015341809683183294,0.25,1
0.0,0.0,1.0,0.0,0.06147287920853669,0.75,2
0.0,0.0,0.0,1.0,0.013133028891697898,0.375,1
0.0,1.0,0.0,0.0,0.03162722049443888,0.75,0
0.0,0.0,0.0,1.0,0.010024357479979052,0.125,1
0.0,0.0,0.0,1.0,0.011467738413016784,0.75,1
0.0,1.0,0.0,0.0,0.018549028043811772,0.25,0
0.0,0.0,0.0,1.0,0.01038464952334108,0.125,1
0.0,0.0,1.0,0.0,0.008919504261386074,0.375,2
1.0,0.0,0.0,0.0,0.017203815483702745,0.75,3
0.0,0.0,0.0,1.0,0.004893197232547452,0.0,1
0.0,0.0,0.0,1.0,0.01367489916315833,0.125,1
0.0,1.0,0.0,0.0,0.011297239406578608,0.0,0
0.0,1.0,0.0,0.0,0.01858838032600663,0.75,0
0.0,0.0,1.0,0.0,0.046872509897911675,0.75,2
1.0,0.0,0.0,0.0,0.02341249603594778,0.0,3
0.0,0.0,0.0,1.0,0.009850838726299183,0.375,1
1.0,0.0,0.0,0.0,0.01145428099541071,0.75,3
1.0,0.0,0.0,0.0,0.021478624294113964,0.625,3
0.0,1.0,0.0,0.0,0.02811917845133625,0.125,0
0.0,0.0,0.0,1.0,0.001931079763249621,0.75,1
0.0,0.0,1.0,0.0,0.040447510061689895,0.25,2
0.0,0.0,0.0,1.0,0.012264462697296028,0.125,1
0.0,0.0,0.0,1.0,0.008666074484910198,0.125,1
0.0,0.0,0.0,1.0,0.010731951912508359,0.0,1
0.0,1.0,0.0,0.0,0.011570104502836744,0.75,0
1.0,0.0,0.0,0.0,0.008234137705660456,0.0,3
0.0,0.0,0.0,1.0,0.007218496268798755,0.125,1
1.0,0.0,0.0,0.0,0.0323715805753578,0.0,3
1.0,0.0,0.0,0.0,0.00735055600564395,0.25,3
0.0,0.0,0.0,1.0,0.004342119680352146,0.25,1
0.0,0.0,0.0,1.0,0.01315729512052802,0.375,1
0.0,1.0,0.0,0.0,0.04062737638823943,0.125,0
0.0,0.0,1.0,0.0,0.010280860250981502,0.375,2
1.0,0.0,0.0,0.0,0.0022243590486230986,0.125,3
1.0,0.0,0.0,0.0,0.022312789261712717,0.125,3
0.0,0.0,0.0,1.0,0.0036049976359534735,0.625,1
0.0,0.0,0.0,1.0,0.018119532289572776,0.375,1
0.0,1.0,0.0,0.0,0.04388343797630183,0.375,0
0.0,0.0,0.0,1.0,0.005889222388414293,0.125,1
0.0,1.0,0.0,0.0,0.015271082348279733,0.375,0
0.0,1.0,0.0,0.0,0.0362128396136036,0.125,0
0.0,1.0,0.0,0.0,0.04462832004213744,0.75,0
1.0,0.0,0.0,0.0,0.015757712045868073,0.125,3
0.0,0.0,1.0,0.0,0.016174891009035193,0.375,2
0.0,0.0,1.0,0.0,0.026988732204304703,0.75,2
0.0,1.0,0.0,0.0,0.04745246256287285,0.125,0
0.0,1.0,0.0,0.0,0.031735726326293554,0.75,0
1.0,0.0,0.0,0.0,0.014892985752764803,0.75,3
1.0,0.0,0.0,0.0,0.009996424665855399,0.25,3
1.0,0.0,0.0,0.0,0.02591863732036237,0.0,3
0.0,0.0,1.0,0.0,0.05468917475048064,0.25,2
0.0,1.0,0.0,0.0,0.02208615014334761,0.0,0
0.0,0.0,0.0,1.0,0.016216463633926412,0.125,1
0.0,0.0,0.0,1.0,0.008927712373236288,0.75,1
0.0,0.0,0.0,1.0,0.015222534425127332,0.625,1
1.0,0.0,0.0,0.0,0.002845310683474747,0.25,3
1.0,0.0,0.0,0.0,0.03615333896421588,0.375,3
0.0,0.0,0.0,1.0,0.012197282506443977,0.625,1
0.0,0.0,0.0,1.0,0.02366963733205417,0.75,1
0.0,0.0,1.0,0.0,0.011486990982712079,0.0,2
1.0,0.0,0.0,0.0,0.016111484467522006,0.125,3
0.0,0.0,0.0,1.0,0.005368157896195581,0.625,1
1.0,0.0,0.0,0.0,0.03442785213237509,0.75,3
0.0,0.0,1.0,0.0,0.008099322616268112,0.25,2
0.0,1.0,0.0,0.0,0.027650455700779532,0.0,0
0.0,0.0,0.0,1.0,0.0026720634926820255,0.625,1
1.0,0.0,0.0,0.0,0.0063367403213717465,0.75,3
0.0,0.0,1.0,0.0,0.040163364485042916,0.5,2
0.0,1.0,0.0,0.0,0.04502019116763359,0.25,0
0.0,0.0,0.0,1.0,0.022342246850652475,0.0,1
0.0,0.0,0.0,1.0,0.002679195559355142,0.75,1
0.0,0.0,0.0,1.0,0.0013868511486883567,0.25,1
0.0,1.0,0.0,0.0,0.047721694149600154,0.75,0
0.0,1.0,0.0,0.0,0.0004920678660000787,0.625,0
0.0,0.0,1.0,0.0,0.017405813541722936,0.125,2
0.0,0.0,0.0,1.0,0.018576417747388472,0.625,1
0.0,0.0,0.0,1.0,0.004402284656257638,0.25,1
0.0,1.0,0.0,0.0,0.02838627943926585,0.625,0
0.0,0.0,0.0,1.0,0.001822728801592837,0.0,1
0.0,0.0,1.0,0.0,0.026446233734672798,0.625,2
1.0,0.0,0.0,0.0,0.012148085158076959,0.375,3
1.0,0.0,0.0,0.0,0.023587556826662786,0.0,3
0.0,0.0,0.0,1.0,0.013927329471400933,0.375,1
0.0,0.0,1.0,0.0,0.019749957311290187,0.75,2
1.0,0.0,0.0,0.0,0.011649345007487131,0.375,3
0.0,1.0,0.0,0.0,0.03435623789517235,0.375,0
1.0,0.0,0.0,0.0,0.03515734091421373,0.125,3
0.0,1.0,0.0,0.0,0.022782723721116217,0.125,0
1.0,0.0,0.0,0.0,0.027500440572722783,0.0,3
0.0,0.0,0.0,1.0,0.014637035817284053,0.0,1
0.0,0.0,1.0,0.0,0.0012032137840171098,0.375,2
0.0,0.0,0.0,1.0,0.011039010228825728,0.75,1
0.0,0.0,0.0,1.0,0.006696839649755287,0.625,1
1.0,0.0,0.0,0.0,0.022084195997239476,0.5,3
0.0,1.0,0.0,0.0,0.03769262637996442,0.5,0
1.0,0.0,0.0,0.0,0.006893328778329808,0.125,3
1.0,0.0,0.0,0.0,0.003583149425474564,0.25,3
0.0,0.0,0.0,1.0,0.005291565244999471,0.375,1
0.0,0.0,0.0,1.0,0.014706196289768996,0.25,1
1.0,0.0,0.0,0.0,0.015327507127478653,0.75,3
0.0,0.0,1.0,0.0,0.060475464963586134,0.625,2
1.0,0.0,0.0,0.0,0.019277230272836014,0.625,3
0.0,1.0,0.0,0.0,0.002393024334066197,0.75,0
0.0,0.0,0.0,1.0,0.005892431108193362,0.5,1
0.0,0.0,1.0,0.0,0.040493911110134846,0.25,2
0.0,0.0,0.0,1.0,0.01067934858245849,0.125,1
0.0,0.0,0.0,1.0,0.022849736122950624,0.5,1
1.0,0.0,0.0,0.0,0.03682709630333635,0.25,3
1.0,0.0,0.0,0.0,0.029960821393637274,0.125,3
1.0,0.0,0.0,0.0,0.008717746607797661,0.625,3
0.0,0.0,1.0,0.0,0.03196463384662706,0.125,2
0.0,0.0,1.0,0.0,0.04836862847963449,0.25,2
0.0,0.0,0.0,1.0,0.00815629038319555,0.25,1
0.0,0.0,0.0,1.0,0.005391041987334116,0.375,1
0.0,1.0,0.0,0.0,0.051297835231353235,0.25,0
0.0,0.0,0.0,1.0,0.011966633038211787,0.5,1
1.0,0.0,0.0,0.0,0.00105593136446131,0.375,3
0.0,1.0,0.0,0.0,0.025011294162520264,0.625,0
0.0,0.0,1.0,0.0,0.045768817943425986,0.5,2
0.0,1.0,0.0,0.0,0.025040299231575816,0.375,0
1.0,0.0,0.0,0.0,0.008684020563365966,0.75,3
1.0,0.0,0.0,0.0,0.03212821629703772,0.5,3
0.0,0.0,1.0,0.0,0.038710852701410295,0.25,2
0.0,1.0,0.0,0.0,0.034726688783755955,0.5,0
1.0,0.0,0.0,0.0,0.007198908357536664,0.25,3
0.0,1.0,0.0,0.0,0.015494944774267397,0.125,0
0.0,0.0,0.0,1.0,0.009556803249313106,0.125,1
0.0,1.0,0.0,0.0,0.007028154995622907,0.125,0
1.0,0.0,0.0,0.0,0.03211577922985808,0.5,3
0.0,1.0,0.0,0.0,0.038534253338631794,0.0,0
0.0,0.0,0.0,1.0,0.012953746236111235,0.375,1
0.0,0.0,0.0,1.0,0.008977819175499533,0.25,1
0.0,0.0,0.0,1.0,0.025375223166025168,0.625,1
0.0,1.0,0.0,0.0,0.022344390293259582,0.25,0
1.0,0.0,0.0,0.0,0.02274108316960492,0.75,3
0.0,0.0,0.0,1.0,0.008517842217620222,0.375,1
0.0,0.0,0.0,1.0,0.012245526479573391,0.625,1
1.0,0.0,0.0,0.0,0.03177094246035822,0.25,3
0.0,0.0,0.0,1.0,0.009526188162978424,0.625,1
1.0,0.0,0.0,0.0,0.008903750812736528,0.375,3
0.0,0.0,0.0,1.0,0.012612145946980726,0.5,1
0.0,0.0,0.0,1.0,0.0002811440877506927,0.625,1
1.0,0.0,0.0,0.0,0.030275479834818424,0.25,3
1.0,0.0,0.0,0.0,0.014247386615350403,0.125,3
1.0,0.0,0.0,0.0,0.03735579460538933,0.375,3
0.0,0.0,0.0,1.0,0.01667595214001736,0.625,1
0.0,0.0,0.0,1.0,0.013007639084471261,0.0,1
0.0,0.0,1.0,0.0,0.052303070464665966,0.125,2
1.0,0.0,0.0,0.0,0.007884458886770723,0.375,3
1.0,0.0,0.0,0.0,0.00726950280765615,0.375,3
0.0,0.0,1.0,0.0,0.050836792198412285,0.625,2
1.0,0.0,0.0,0.0,0.01284460675032252,0.625,3
0.0,0.0,0.0,1.0,0.008995292666101423,0.375,1
1.0,0.0,0.0,0.0,0.007205575056357891,0.0,3
0.0,1.0,0.0,0.0,0.025641975343816154,0.375,0
0.0,1.0,0.0,0.0,0.024572665980679743,0.375,0
0.0,0.0,0.0,1.0,0.02406394370696755,0.375,1
1.0,0.0,0.0,0.0,0.02500909993471044,0.375,3
0.0,0.0,0.0,1.0,0.01867517770598786,0.5,1
0.0,1.0,0.0,0.0,0.03995889941774175,0.625,0
1.0,0.0,0.0,0.0,0.014545025540660823,0.375,3
0.0,0.0,1.0,0.0,0.019108356323074536,0.0,2
0.0,1.0,0.0,0.0,0.039225460592713056,0.25,0
0.0,1.0,0.0,0.0,0.038392771444706604,0.625,0
0.0,0.0,1.0,0.0,0.034118947957748336,0.125,2
0.0,0.0,0.0,1.0,0.014785993609827441,0.125,1
1.0,0.0,0.0,0.0,0.0174218805597868,0.125,3
1.0,0.0,0.0,0.0,0.018601911346390842,0.25,3
1.0,0.0,0.0,0.0,0.001170902487728698,0.625,3
0.0,0.0,0.0,1.0,0.014550833944670456,0.375,1
0.0,0.0,1.0,0.0,0.02543412484123058,0.25,2
0.0,1.0,0.0,0.0,0.02561317355369977,0.5,0
0.0,0.0,0.0,1.0,0.019107591193086425,0.75,1
1.0,0.0,0.0,0.0,0.01385854194581461,0.625,3
1.0,0.0,0.0,0.0,0.00877631798355318,0.75,3
0.0,1.0,0.0,0.0,0.006381933657520368,0.625,0
1.0,0.0,0.0,0.0,0.017294443189518862,0.75,3
1.0,0.0,0.0,0.0,0.014667803421431827,0.0,3
0.0,0.0,0.0,1.0,0.0030618483804576253,0.125,1
0.0,0.0,1.0,0.0,0.058571784401488455,0.375,2
0.0,0.0,0.0,1.0,0.015306805788523725,0.375,1
0.0,0.0,0.0,1.0,0.008945540875006684,0.625,1
0.0,1.0,0.0,0.0,0.004199565449965065,0.625,0
1.0,0.0,0.0,0.0,0.021455887318277498,0.125,3
1.0,0.0,0.0,0.0,0.010118034365716353,0.625,3
0.0,1.0,0.0,0.0,0.029649586081800076,0.75,0
1.0,0.0,0.0,0.0,0.03565462788156246,0.25,3
1.0,0.0,0.0,0.0,0.014303447641719072,0.375,3
1.0,0.0,0.0,0.0,0.026899356059304116,0.375,3
0.0,1.0,0.0,0.0,0.01423807150797606,0.0,0
1.0,0.0,0.0,0.0,0.03176557009271576,0.25,3
1.0,0.0,0.0,0.0,0.0008831974987846835,0.375,3
0.0,0.0,1.0,0.0,0.0045768011755840735,0.625,2
1.0,0.0,0.0,0.0,0.019209857401112116,0.75,3
1.0,0.0,0.0,0.0,0.014580374672745635,0.375,3
0.0,1.0,0.0,0.0,0.03397503684168058,0.625,0
0.0,0.0,1.0,0.0,0.01605921836773101,0.625,2
0.0,0.0,1.0,0.0,0.06000566182454312,0.25,2
0.0,0.0,0.0,1.0,0.02159468385157897,0.0,1
0.0,0.0,0.0,1.0,0.005669797092136566,0.375,1
0.0,0.0,0.0,1.0,0.0066698310031569575,0.375,1
1.0,0.0,0.0,0.0,0.000923718907717787,0.0,3
0.0,0.0,0.0,1.0,0.003999486732535991,0.0,1
0.0,0.0,0.0,1.0,0.012253754839807684,0.0,1
1.0,0.0,0.0,0.0,0.006690809337024431,0.125,3
0.0,0.0,1.0,0.0,0.04778245603416765,0.25,2
0.0,0.0,1.0,0.0,0.058202931885038695,0.0,2
0.0,0.0,1.0,0.0,0.018431019405659728,0.625,2
0.0,0.0,1.0,0.0,0.019203653703852526,0.0,2
0.0,0.0,0.0,1.0,0.025608612855915626,0.25,1
0.0,1.0,0.0,0.0,0.018186778212239702,0.625,0
0.0,0.0,0.0,1.0,0.02138754645474977,0.125,1
1.0,0.0,0.0,0.0,0.007007227663366943,0.75,3
0.0,1.0,0.0,0.0,0.00802889829894886,0.0,0
0.0,0.0,1.0,0.0,0.0719404286837319,0.75,2
0.0,1.0,0.0,0.0,0.031879142628169654,0.625,0
1.0,0.0,0.0,0.0,0.009526885914052603,0.5,3
0.0,0.0,0.0,1.0,0.020306114678782648,0.625,1
1.0,0.0,0.0,0.0,0.013351914748024335,0.125,3
0.0,1.0,0.0,0.0,0.020813866792739236,0.5,0
1.0,0.0,0.0,0.0,0.018612831268037117,0.125,3
1.0,0.0,0.0,0.0,0.02371499960250427,0.5,3
0.0,1.0,0.0,0.0,0.03682478307901218,0.625,0
1.0,0.0,0.0,0.0,0.023809707526402876,0.75,3
1.0,0.0,0.0,0.0,0.009515118225343951,0.5,3
1.0,0.0,0.0,0.0,0.002860282357540062,0.125,3
1.0,0.0,0.0,0.0,0.00846932780003917,0.125,3
0.0,0.0,0.0,1.0,0.010554260593089478,0.625,1
0.0,0.0,0.0,1.0,0.001477749252428204,0.25,1
0.0,1.0,0.0,0.0,0.03941032304149168,0.375,0
1.0,0.0,0.0,0.0,0.00321144559209021,0.375,3
1.0,0.0,0.0,0.0,0.019908211081332585,0.125,3
1.0,0.0,0.0,0.0,0.014973067195382305,0.25,3
0.0,0.0,0.0,1.0,0.011276541404204607,0.5,1
0.0,0.0,0.0,1.0,0.011951210332970488,0.625,1
0.0,0.0,1.0,0.0,0.00892133356780428,0.25,2
0.0,0.0,0.0,1.0,0.013224184334334367,0.5,1
0.0,0.0,0.0,1.0,0.004803194810719816,0.75,1
0.0,0.0,0.0,1.0,0.026054579025798025,0.0,1
1.0,0.0,0.0,0.0,0.020782459604094146,0.75,3
1.0,0.0,0.0,0.0,0.023696203116917645,0.375,3
0.0,0.0,0.0,1.0,0.00615624894398583,0.25,1
0.0,1.0,0.0,0.0,0.034902845777233786,0.5,0
0.0,0.0,0.0,1.0,0.002189831721697024,0.375,1
0.0,0.0,0.0,1.0,0.01924315796258131,0.5,1
0.0,1.0,0.0,0.0,0.007434640986865984,0.25,0
0.0,1.0,0.0,0.0,0.023512044913349434,0.625,0
0.0,0.0,1.0,0.0,0.07083480513363948,0.5,2
0.0,0.0,0.0,1.0,0.019212825628486217,0.5,1
1.0,0.0,0.0,0.0,0.029988934083323256,0.25,3
0.0,0.0,1.0,0.0,0.01716084938743229,0.5,2
1.0,0.0,0.0,0.0,0.02221474017431629,0.25,3
0.0,0.0,0.0,1.0,0.004433416321345099,0.5,1
0.0,0.0,0.0,1.0,0.0123260470559686,0.5,1
0.0,0.0,1.0,0.0,0.013725062771978267,0.25,2
1.0,0.0,0.0,0.0,0.01791467414074577,0.75,3
0.0,0.0,0.0,1.0,0.013659343802884473,0.5,1
1.0,0.0,0.0,0.0,0.0009875287463446006,0.125,3
0.0,0.0,0.0,1.0,0.007496600835629168,0.0,1
1.0,0.0,0.0,0.0,0.0029140808752150505,0.25,3
0.0,1.0,0.0,0.0,0.02555458895171814,0.5,0
0.0,1.0,0.0,0.0,0.02151246042043415,0.625,0
0.0,1.0,0.0,0.0,0.023111221343494755,0.625,0
0.0,0.0,1.0,0.0,0.03207238094932644,0.5,2
0.0,0.0,0.0,1.0,0.00110508876107463,0.375,1
0.0,0.0,0.0,1.0,0.022419557327175075,0.375,1
0.0,0.0,0.0,1.0,0.022991779132609004,0.375,1
0.0,0.0,0.0,1.0,0.017271727138787274,0.75,1
0.0,0.0,0.0,1.0,0.00937721609989861,0.125,1
0.0,1.0,0.0,0.0,0.007732357338007114,0.625,0
0.0,0.0,1.0,0.0,0.015833432292285163,0.625,2
0.0,1.0,0.0,0.0,0.020681866042907334,0.75,0
0.0,0.0,1.0,0.0,0.008736786660270892,0.125,2
0.0,0.0,0.0,1.0,0.0009380384560590543,0.375,1
0.0,0.0,1.0,0.0,0.03750203694099457,0.25,2
0.0,0.0,0.0,1.0,0.019943631231054252,0.125,1
1.0,0.0,0.0,0.0,0.01996353025994785,0.375,3
0.0,1.0,0.0,0.0,0.001934984520123839,0.0,0
0.0,0.0,0.0,1.0,0.01721849219525305,0.125,1
0.0,1.0,0.0,0.0,0.02516065557182034,0.25,0
1.0,0.0,0.0,0.0,0.012371208170751444,0.25,3
0.0,1.0,0.0,0.0,0.010447308022553128,0.625,0
0.0,0.0,0.0,1.0,0.0026935771347134448,0.625,1
0.0,0.0,0.0,1.0,0.02278937160681687,0.125,1
0.0,1.0,0.0,0.0,0.011217182030747418,0.75,0
1.0,0.0,0.0,0.0,0.02955634559881518,0.75,3
1.0,0.0,0.0,0.0,0.004371242325282355,0.375,3
0.0,0.0,0.0,1.0,0.020702546214121396,0.5,1
1.0,0.0,0.0,0.0,0.006543104626167415,0.125,3
1.0,0.0,0.0,0.0,0.024561551827321615,0.375,3
0.0,0.0,0.0,1.0,0.021491314173196965,0.75,1
0.0,1.0,0.0,0.0,0.015826359311961795,0.25,0
0.0,1.0,0.0,0.0,0.02649387971102747,0.5,0
0.0,0.0,1.0,0.0,0.07018595334605618,0.375,2
0.0,0.0,0.0,1.0,0.010221055249166269,0.75,1
0.0,0.0,0.0,1.0,0.011148167392008529,0.375,1
1.0,0.0,0.0,0.0,0.02420886195652996,0.25,3
0.0,1.0,0.0,0.0,0.028412306968340253,0.625,0
0.0,1.0,0.0,0.0,0.04356248128174633,0.125,0
1.0,0.0,0.0,0.0,0.01206099344895415,0.125,3
1.0,0.0,0.0,0.0,0.018425227097093134,0.5,3
0.0,1.0,0.0,0.0,0.03430254150019676,0.25,0
1.0,0.0,0.0,0.0,0.035228081184213965,0.5,3
0.0,1.0,0.0,0.0,0.019753818042643555,0.0,0
0.0,1.0,0.0,0.0,0.022963044899753707,0.75,0
0.0,0.0,0.0,1.0,0.018471649558327467,0.375,1
1.0,0.0,0.0,0.0,0.018702921240440082,0.5,3
1.0,0.0,0.0,0.0,0.02270355259769305,0.75,3
0.0,1.0,0.0,0.0,0.04305433035306891,0.625,0
0.0,0.0,0.0,1.0,0.016739373337645715,0.75,1
0.0,0.0,0.0,1.0,0.006786428274522335,0.75,1
0.0,1.0,0.0,0.0,0.005944475893123728,0.625,0
0.0,1.0,0.0,0.0,0.03412688497716242,0.75,0
1.0,0.0,0.0,0.0,0.01991384851583613,0.0,3
1.0,0.0,0.0,0.0,0.016183819417346538,0.125,3
0.0,0.0,0.0,1.0,0.00027898136927543307,0.125,1
0.0,0.0,0.0,1.0,0.028186869076573504,0.25,1
1.0,0.0,0.0,0.0,0.028547176486844766,0.25,3
0.0,1.0,0.0,0.0,0.03282557311088206,0.625,0
0.0,0.0,0.0,1.0,0.01650716803986142,0.5,1
0.0,0.0,0.0,1.0,0.011014040076985317,0.0,1
0.0,0.0,0.0,1.0,0.02158651228455649,0.75,1
1.0,0.0,0.0,0.0,0.030923771204871688,0.5,3
0.0,1.0,0.0,0.0,0.04126082290725869,0.375,0
0.0,0.0,0.0,1.0,0.013835564318079625,0.5,1
0.0,0.0,1.0,0.0,0.003024260237593445,0.625,2
1.0,0.0,0.0,0.0,0.029019488904327886,0.0,3
0.0,1.0,0.0,0.0,0.007966619862774974,0.375,0
1.0,0.0,0.0,0.0,0.00035515683281791204,0.625,3
0.0,1.0,0.0,0.0,0.048479478762018004,0.25,0
1.0,0.0,0.0,0.0,0.011291200532191919,0.0,3
1.0,0.0,0.0,0.0,0.02013825082799026,0.0,3
0.0,0.0,0.0,1.0,0.025843554100041653,0.125,1
1.0,0.0,0.0,0.0,0.015971953250092836,0.5,3
0.0,1.0,0.0,0.0,0.041625879403880815,0.0,0
0.0,1.0,0.0,0.0,0.039586864741369326,0.0,0
0.0,1.0,0.0,0.0,0.034083995747019064,0.625,0
0.0,1.0,0.0,0.0,0.04849778122650889,0.0,0
1.0,0.0,0.0,0.0,0.0331576389997328,0.125,3
1.0,0.0,0.0,0.0,0.033442852746494285,0.75,3
1.0,0.0,0.0,0.0,0.026655105908088905,0.125,3
1.0,0.0,0.0,0.0,0.020859387068557524,0.75,3
1.0,0.0,0.0,0.0,0.008363553203306218,0.75,3
0.0,0.0,1.0,0.0,0.06024785094826851,0.5,2
1.0,0.0,0.0,0.0,0.02874186897940281,0.0,3
1.0,0.0,0.0,0.0,0.010057351234337096,0.125,3
0.0,1.0,0.0,0.0,0.015804290206278913,0.25,0
1.0,0.0,0.0,0.0,0.027797459819288342,0.75,3
1.0,0.0,0.0,0.0,0.02581490853993029,0.25,3
0.0,1.0,0.0,0.0,0.01683469799603964,0.5,0
1.0,0.0,0.0,0.0,0.013152414564107063,0.5,3
0.0,0.0,0.0,1.0,0.011421178740427541,0.375,1
1.0,0.0,0.0,0.0,0.01589663143154224,0.0,3
1.0,0.0,0.0,0.0,0.014788911397475103,0.25,3
0.0,0.0,1.0,0.0,0.01941476208129597,0.5,2
1.0,0.0,0.0,0.0,0.011540905658145391,0.125,3
1.0,0.0,0.0,0.0,0.0204835079066782,0.75,3
1.0,0.0,0.0,0.0,0.030308020723882338,0.625,3
0.0,1.0,0.0,0.0,0.0005084439834552327,0.125,0
0.0,0.0,0.0,1.0,0.011082276669037043,0.5,1
0.0,0.0,0.0,1.0,0.013562846841552043,0.625,1
0.0,1.0,0.0,0.0,0.04852191940950295,0.375,0
0.0,1.0,0.0,0.0,0.00277625662050446,0.75,0
1.0,0.0,0.0,0.0,0.01916286510497871,0.25,3
0.0,0.0,0.0,1.0,0.0026118108043430496,0.0,1
0.0,1.0,0.0,0.0,0.01391449542560963,0.375,0
0.0,0.0,0.0,1.0,0.0007299676350599806,0.625,1
1.0,0.0,0.0,0.0,0.029984757748144696,0.0,3
1.0,0.0,0.0,0.0,0.008867377288429922,0.5,3
0.0,0.0,0.0,1.0,0.016948439307029394,0.25,1
1.0,0.0,0.0,0.0,0.007188535149061465,0.0,3
1.0,0.0,0.0,0.0,0.02221059691375824,0.125,3
1.0,0.0,0.0,0.0,0.0029014350769900332,0.0,3
1.0,0.0,0.0,0.0,0.013889301495453378,0.625,3
0.0,1.0,0.0,0.0,0.04273958108695355,0.25,0
0.0,0.0,0.0,1.0,0.013836760814293376,0.625,1
0.0,1.0,0.0,0.0,0.04166023383644192,0.375,0
0.0,0.0,0.0,1.0,0.0021110921177977674,0.25,1
0.0,1.0,0.0,0.0,0.010570126180881287,0.25,0
0.0,1.0,0.0,0.0,0.022193370840130053,0.5,0
0.0,0.0,0.0,1.0,0.018016207657581187,0.5,1
1.0,0.0,0.0,0.0,0.0006587542052192274,0.75,3
1.0,0.0,0.0,0.0,0.0014864266025769065,0.625,3
0.0,1.0,0.0,0.0,0.038592815721810954,0.375,0
0.0,0.0,1.0,0.0,0.03001420672451627,0.75,2
0.0,0.0,0.0,1.0,0.010654550920191706,0.25,1
0.0,0.0,0.0,1.0,0.021934657919518787,0.25,1
1.0,0.0,0.0,0.0,0.02462430046227829,0.375,3
1.0,0.0,0.0,0.0,0.029335436325161033,0.625,3
1.0,0.0,0.0,0.0,0.027519779841761266,0.375,3
0.0,0.0,0.0,1.0,0.013668321103033513,0.25,1
0.0,1.0,0.0,0.0,0.010578171827453922,0.25,0
0.0,1.0,0.0,0.0,0.029322737758987888,0.5,0
0.0,1.0,0.0,0.0,0.0029603297313932483,0.75,0
1.0,0.0,0.0,0.0,0.002632942435415333,0.5,3
0.0,0.0,0.0,1.0,0.012068156927608155,0.375,1
1.0,0.0,0.0,0.0,0.00826841058230731,0.75,3
0.0,0.0,0.0,1.0,0.013913964871252344,0.375,1
0.0,0.0,0.0,1.0,0.02358298436961637,0.625,1
0.0,0.0,1.0,0.0,0.00931972239653555,0.625,2
0.0,0.0,0.0,1.0,0.008354560161587024,0.375,1
1.0,0.0,0.0,0.0,0.02735720819690351,0.5,3
0.0,1.0,0.0,0.0,0.04745859237815007,0.0,0
0.0,0.0,0.0,1.0,0.021843093193380955,0.25,1
0.0,0.0,0.0,1.0,0.013505015847292034,0.125,1
0.0,1.0,0.0,0.0,0.02764513154115129,0.0,0
0.0,0.0,0.0,1.0,0.0054077177789344285,0.0,1
1.0,0.0,0.0,0.0,0.005797427029416507,0.125,3
0.0,0.0,0.0,1.0,0.018843741303697512,0.5,1
1.0,0.0,0.0,0.0,0.03117709825077733,0.25,3
1.0,0.0,0.0,0.0,0.01221015419680443,0.25,3
1.0,0.0,0.0,0.0,0.0168679482329034,0.0,3
0.0,0.0,0.0,1.0,0.003477938665882793,0.125,1
1.0,0.0,0.0,0.0,0.02544089323853433,0.5,3
1.0,0.0,0.0,0.0,0.014460052598441327,0.0,3
0.0,0.0,0.0,1.0,0.015456841084007588,0.375,1
0.0,1.0,0.0,0.0,0.004440078367383185,0.0,0
1.0,0.0,0.0,0.0,0.006640346157339097,0.5,3
0.0,0.0,0.0,1.0,0.0030357871002506596,0.75,1
0.0,1.0,0.0,0.0,0.04544971981280684,0.25,0
0.0,1.0,0.0,0.0,0.02036899711333119,0.625,0
0.0,0.0,1.0,0.0,0.05931162567774017,0.375,2
0.0,0.0,0.0,1.0,0.013694958823917348,0.625,1
1.0,0.0,0.0,0.0,0.013495510463123974,0.625,3
0.0,0.0,0.0,1.0,0.017510686626125538,0.25,1
0.0,1.0,0.0,0.0,0.026491016509974145,0.5,0
0.0,1.0,0.0,0.0,0.0012553620961199374,0.0,0
0.0,1.0,0.0,0.0,0.0130754303748191,0.25,0
0.0,1.0,0.0,0.0,0.04003511413135271,0.625,0
1.0,0.0,0.0,0.0,0.028198737424272747,0.5,3
0.0,0.0,1.0,0.0,0.014207846901183653,0.125,2
0.0,0.0,0.0,1.0,0.007439585336112328,0.0,1
0.0,1.0,0.0,0.0,0.028305575478736036,0.75,0
0.0,1.0,0.0,0.0,0.02217298314391344,0.25,0
0.0,1.0,0.0,0.0,0.014926928822998795,0.0,0
0.0,0.0,0.0,1.0,0.004902591632501732,0.75,1
0.0,0.0,1.0,0.0,0.02247976614431514,0.0,2
0.0,0.0,0.0,1.0,0.008212889186205344,0.5,1
0.0,0.0,0.0,1.0,0.027999469707013128,0.375,1
1.0,0.0,0.0,0.0,0.016576419946251923,0.5,3
0.0,1.0,0.0,0.0,0.012803224760610674,0.5,0
1.0,0.0,0.0,0.0,0.017057500318909086,0.375,3
0.0,0.0,0.0,1.0,0.013664900169508455,0.5,1
0.0,0.0,0.0,1.0,0.009259115500408616,0.0,1
0.0,1.0,0.0,0.0,0.009887249310596093,0.0,0
0.0,0.0,1.0,0.0,0.055522362838641155,0.125,2
1.0,0.0,0.0,0.0,0.01591389138045774,0.75,3
0.0,0.0,1.0,0.0,0.048190015059379705,0.125,2
0.0,1.0,0.0,0.0,0.030235085054346838,0.5,0
0.0,0.0,1.0,0.0,0.06438736744301668,0.75,2
0.0,0.0,0.0,1.0,0.024782379728013382,0.625,1
0.0,0.0,0.0,1.0,0.022378819906446804,0.25,1
1.0,0.0,0.0,0.0,0.0337058934928514,0.375,3
0.0,0.0,1.0,0.0,0.01117997145380622,0.0,2
0.0,0.0,0.0,1.0,0.01049791757654227,0.75,1
1.0,0.0,0.0,0.0,0.03001520317937636,0.75,3
1.0,0.0,0.0,0.0,0.012835231283737049,0.25,3
0.0,1.0,0.0,0.0,0.013133708777597645,0.75,0
0.0,0.0,1.0,0.0,0.04357645635606518,0.625,2
1.0,0.0,0.0,0.0,0.013473500741580048,0.25,3
0.0,0.0,1.0,0.0,0.04014166663182148,0.75,2
0.0,0.0,1.0,0.0,0.010655117355149166,0.25,2
1.0,0.0,0.0,0.0,0.01273117309575752,0.25,3
0.0,0.0,0.0,1.0,0.004741837970267547,0.75,1
0.0,1.0,0.0,0.0,0.014182614721449799,0.625,0
0.0,0.0,0.0,1.0,0.0038854722762982196,0.125,1
0.0,0.0,0.0,1.0,0.015172113174331195,0.375,1
1.0,0.0,0.0,0.0,0.014892484758472631,0.0,3
0.0,1.0,0.0,0.0,0.038447093417537215,0.5,0
0.0,0.0,0.0,1.0,0.020940991617144283,0.125,1
0.0,0.0,1.0,0.0,0.048542261186784744,0.5,2
0.0,1.0,0.0,0.0,0.022759146068410202,0.125,0
0.0,1.0,0.0,0.0,0.023762654288484026,0.375,0
0.0,1.0,0.0,0.0,0.019288414503542003,0.125,0
0.0,0.0,0.0,1.0,0.002203041482353179,0.5,1
1.0,0.0,0.0,0.0,0.034163594078424245,0.625,3
1.0,0.0,0.0,0.0,0.010848901082601668,0.75,3
0.0,0.0,0.0,1.0,0.019413012966553834,0.25,1
1.0,0.0,0.0,0.0,0.00515791369976012,0.75,3
0.0,0.0,1.0,0.0,0.04277685985766,0.75,2
1.0,0.0,0.0,0.0,0.002484693621747104,0.75,3
1.0,0.0,0.0,0.0,0.029672489892808133,0.0,3
1.0,0.0,0.0,0.0,0.026738493600456128,0.25,3
0.0,1.0,0.0,0.0,0.04899559039686428,0.625,0
1.0,0.0,0.0,0.0,0.0003160723584450188,0.75,3
0.0,0.0,0.0,1.0,0.009470826050521783,0.5,1
0.0,0.0,1.0,0.0,0.001830027084400849,0.5,2
0.0,0.0,0.0,1.0,0.006657565859490153,0.25,1
0.0,0.0,0.0,1.0,0.014653208915378637,0.25,1
1.0,0.0,0.0,0.0,0.01942157260004538,0.25,3
0.0,1.0,0.0,0.0,0.009098870602686443,0.5,0
1.0,0.0,0.0,0.0,0.03176569362397851,0.0,3
1.0,0.0,0.0,0.0,0.023363430623850323,0.25,3
0.0,1.0,0.0,0.0,0.025913540649511117,0.25,0
0.0,1.0,0.0,0.0,0.0340657468915006,0.5,0
0.0,1.0,0.0,0.0,0.02149682620199888,0.0,0
0.0,0.0,0.0,1.0,0.015003717552474073,0.75,1
1.0,0.0,0.0,0.0,0.010957703265395573,0.625,3
0.0,0.0,1.0,0.0,0.00672425430121129,0.25,2
0.0,1.0,0.0,0.0,0.016223338368414476,0.5,0
0.0,0.0,0.0,1.0,0.008360764738813664,0.0,1
0.0,0.0,0.0,1.0,0.013393488124708829,0.0,1
0.0,0.0,1.0,0.0,0.020024697126455965,0.375,2
1.0,0.0,0.0,0.0,0.02374803336598688,0.625,3
0.0,0.0,0.0,1.0,0.02640092543669483,0.0,1
0.0,1.0,0.0,0.0,0.0052526525895577264,0.5,0
1.0,0.0,0.0,0.0,0.012558697987114169,0.25,3
0.0,1.0,0.0,0.0,0.0049303009517329705,0.625,0
0.0,0.0,1.0,0.0,0.025038437914454616,0.5,2
0.0,0.0,1.0,0.0,0.05599302700170406,0.25,2
0.0,0.0,0.0,1.0,0.02239144302392747,0.25,1
0.0,1.0,0.0,0.0,0.03851445017324908,0.5,0
1.0,0.0,0.0,0.0,0.0045535026396085615,0.25,3
0.0,1.0,0.0,0.0,0.017152790682076324,0.75,0
0.0,1.0,0.0,0.0,0.02636591217130153,0.0,0
0.0,1.0,0.0,0.0,0.04684380701083446,0.5,0
0.0,0.0,0.0,1.0,0.00454166122613499,0.0,1
0.0,0.0,0.0,1.0,0.011503369105615873,0.0,1
0.0,1.0,0.0,0.0,0.01303252748871695,0.125,0
0.0,0.0,0.0,1.0,0.005942454753778102,0.75,1
0.0,0.0,0.0,1.0,0.013363239341376622,0.75,1
0.0,0.0,1.0,0.0,0.058687215231342196,0.0,2
0.0,1.0,0.0,0.0,0.008308255840520586,0.125,0
0.0,0.0,0.0,1.0,0.013124761148648214,0.5,1
0.0,0.0,1.0,0.0,0.011053639410775999,0.0,2
0.0,0.0,0.0,1.0,0.013182256342043187,0.375,1
0.0,1.0,0.0,0.0,0.04014153906674936,0.75,0
0.0,0.0,0.0,1.0,0.01202861274265167,0.75,1
0.0,1.0,0.0,0.0,0.02239277033414926,0.375,0
0.0,1.0,0.0,0.0,0.02774512229019664,0.75,0
0.0,0.0,0.0,1.0,0.009376230019758451,0.75,1
1.0,0.0,0.0,0.0,0.027527067557173112,0.375,3
1.0,0.0,0.0,0.0,0.019099557165191638,0.375,3
1.0,0.0,0.0,0.0,0.006567926459212999,0.75,3
1.0,0.0,0.0,0.0,0.012227413365058514,0.125,3
0.0,1.0,0.0,0.0,0.020293915860963616,0.75,0
0.0,1.0,0.0,0.0,0.044005198964743676,0.75,0
0.0,0.0,0.0,1.0,0.004453855275684363,0.375,1
0.0,0.0,0.0,1.0,0.02093775310690084,0.0,1
0.0,0.0,0.0,1.0,0.02503907195844065,0.75,1
0.0,1.0,0.0,0.0,0.00774044625054857,0.75,0
1.0,0.0,0.0,0.0,0.011769676484789958,0.375,3
0.0,0.0,0.0,1.0,0.011988510626402563,0.25,1
0.0,0.0,0.0,1.0,0.012513190263926935,0.125,1
0.0,0.0,0.0,1.0,0.009526993694618768,0.375,1
0.0,0.0,0.0,1.0,0.023934599379515684,0.625,1
1.0,0.0,0.0,0.0,0.008015760511978075,0.125,3
0.0,0.0,0.0,1.0,0.008956660956795306,0.375,1
0.0,0.0,0.0,1.0,0.011391192045530595,0.25,1
1.0,0.0,0.0,0.0,0.025423393988741563,0.75,3
0.0,0.0,0.0,1.0,0.01590077913817777,0.125,1
1.0,0.0,0.0,0.0,0.019041985236218167,0.25,3
0.0,1.0,0.0,0.0,0.0059948730210958225,0.625,0
0.0,0.0,0.0,1.0,0.00941071292032067,0.125,1
0.0,0.0,0.0,1.0,0.022375651482565442,0.125,1
1.0,0.0,0.0,0.0,0.01340616819394576,0.75,3
0.0,0.0,1.0,0.0,0.0376700269422584,0.5,2
1.0,0.0,0.0,0.0,0.016107727136780194,0.0,3
1.0,0.0,0.0,0.0,0.02459211059310122,0.0,3
0.0,1.0,0.0,0.0,0.005809110552560522,0.125,0
0.0,0.0,1.0,0.0,0.07018031222928493,0.0,2
0.0,1.0,0.0,0.0,0.04345228396067568,0.5,0
1.0,0.0,0.0,0.0,0.026465590306138854,0.25,3
0.0,1.0,0.0,0.0,0.018911768295059365,0.125,0
0.0,0.0,0.0,1.0,0.013320937460973818,0.375,1
0.0,0.0,1.0,0.0,0.012194409371403604,0.125,2
0.0,0.0,0.0,1.0,0.00926546036163671,0.0,1
0.0,0.0,0.0,1.0,0.0072716475432435795,0.125,1
1.0,0.0,0.0,0.0,0.006359700313576588,0.25,3
0.0,1.0,0.0,0.0,0.0197636292917669,0.0,0
0.0,0.0,1.0,0.0,0.057991853336219694,0.5,2
0.0,0.0,0.0,1.0,0.01238315595283284,0.125,1
0.0,0.0,0.0,1.0,0.0017835383234612364,0.75,1
0.0,0.0,1.0,0.0,0.04092105785110164,0.0,2
1.0,0.0,0.0,0.0,0.03660230930069763,0.5,3
0.0,0.0,0.0,1.0,0.022418318969214843,0.5,1
0.0,1.0,0.0,0.0,0.03880107451261347,0.75,0
0.0,0.0,1.0,0.0,0.003247609962043559,0.5,2
0.0,0.0,0.0,1.0,0.018868235496038527,0.625,1
1.0,0.0,0.0,0.0,0.03256887461122063,0.125,3
0.0,0.0,1.0,0.0,0.02546613799463526,0.375,2
0.0,0.0,0.0,1.0,0.010569288290549735,0.0,1
1.0,0.0,0.0,0.0,0.013969251155979787,0.125,3
0.0,1.0,0.0,0.0,0.024119217848221207,0.0,0
0.0,1.0,0.0,0.0,0.02677328510344386,0.125,0
0.0,0.0,0.0,1.0,0.02177356272394339,0.375,1
0.0,0.0,1.0,0.0,0.015700533728939207,0.25,2
1.0,0.0,0.0,0.0,0.01164868204607526,0.375,3
1.0,0.0,0.0,0.0,0.015247849611574979,0.0,3
0.0,0.0,1.0,0.0,0.032168647631801855,0.25,2
1.0,0.0,0.0,0.0,0.02083688301935117,0.5,3
1.0,0.0,0.0,0.0,0.01737902225620787,0.0,3
0.0,0.0,0.0,1.0,0.003148326074380328,0.5,1
0.0,0.0,0.0,1.0,0.009649598938544118,0.5,1
0.0,0.0,1.0,0.0,0.04124458570041116,0.0,2
0.0,0.0,1.0,0.0,0.040566049469531934,0.75,2
0.0,0.0,0.0,1.0,0.006576378470580983,0.5,1
1.0,0.0,0.0,0.0,0.011282440794888248,0.375,3
0.0,0.0,0.0,1.0,0.01004446674011683,0.75,1
0.0,0.0,0.0,1.0,0.009773867610170687,0.75,1
0.0,1.0,0.0,0.0,0.03843756061478743,0.0,0
0.0,0.0,1.0,0.0,0.003263720886589779,0.125,2
1.0,0.0,0.0,0.0,0.005032180796191646,0.625,3
0.0,0.0,0.0,1.0,0.012213799161601853,0.0,1
0.0,0.0,0.0,1.0,0.011186241916774984,0.375,1
1.0,0.0,0.0,0.0,0.017958594930995532,0.125,3
0.0,1.0,0.0,0.0,0.04148352877044766,0.125,0
0.0,0.0,1.0,0.0,0.04825694301269176,0.625,2
0.0,0.0,0.0,1.0,0.0215760321798035,0.625,1
0.0,0.0,0.0,1.0,0.004133463063793867,0.625,1
0.0,1.0,0.0,0.0,0.00044565265831810694,0.375,0
0.0,0.0,0.0,1.0,0.019965746266561432,0.375,1
0.0,0.0,0.0,1.0,0.02326830705895257,0.125,1
0.0,1.0,0.0,0.0,0.033932560183006555,0.375,0
0.0,0.0,0.0,1.0,0.0058381216573332746,0.125,1
0.0,1.0,0.0,0.0,0.038541412542769694,0.125,0
0.0,0.0,1.0,0.0,0.039268140040004416,0.25,2
0.0,0.0,0.0,1.0,0.021913198035116578,0.375,1
1.0,0.0,0.0,0.0,0.01976149335337559,0.25,3
1.0,0.0,0.0,0.0,0.031126202603282402,0.375,3
0.0,0.0,0.0,1.0,0.011667580140961871,0.5,1
1.0,0.0,0.0,0.0,0.03002068612903579,0.125,3
0.0,0.0,0.0,1.0,0.007613563704731902,0.0,1
0.0,0.0,0.0,1.0,0.0041363876500847205,0.25,1
0.0,0.0,1.0,0.0,0.0625074055820487,0.5,2
0.0,1.0,0.0,0.0,0.02096150724882401,0.5,0
0.0,1.0,0.0,0.0,0.00446424419415742,0.5,0
1.0,0.0,0.0,0.0,0.03168869030642964,0.125,3
0.0,0.0,1.0,0.0,0.023849150014237534,0.75,2
0.0,0.0,1.0,0.0,0.05395047539039431,0.625,2
1.0,0.0,0.0,0.0,0.005111025040029708,0.75,3
0.0,0.0,0.0,1.0,0.013604036548655928,0.375,1
0.0,0.0,1.0,0.0,0.07626625571996919,0.625,2
1.0,0.0,0.0,0.0,0.023104325285203273,0.375,3
0.0,0.0,0.0,1.0,0.022031774479366925,0.75,1
0.0,0.0,0.0,1.0,0.008676413170795193,0.75,1
0.0,0.0,1.0,0.0,0.002963229104836268,0.375,2
1.0,0.0,0.0,0.0,0.014685847842117763,0.5,3
1.0,0.0,0.0,0.0,0.005688403478458727,0.75,3
1.0,0.0,0.0,0.0,0.015258515491398585,0.75,3
0.0,1.0,0.0,0.0,0.035045737425288236,0.125,0
0.0,1.0,0.0,0.0,0.012016067885977129,0.25,0
0.0,0.0,0.0,1.0,0.01062348604498296,0.625,1
0.0,0.0,1.0,0.0,0.05552651347089032,0.5,2
1.0,0.0,0.0,0.0,0.017124121835174425,0.625,3
0.0,0.0,0.0,1.0,0.0021033584499650466,0.75,1
0.0,0.0,0.0,1.0,0.016468845220408573,0.625,1
0.0,0.0,1.0,0.0,0.025215116462319165,0.5,2
0.0,0.0,1.0,0.0,0.031549921440695614,0.5,2
0.0,0.0,0.0,1.0,0.015792126267919593,0.5,1
1.0,0.0,0.0,0.0,0.032479857413425954,0.375,3
1.0,0.0,0.0,0.0,0.023324047053113035,0.25,3
0.0,0.0,0.0,1.0,0.005943233628513937,0.5,1
0.0,1.0,0.0,0.0,0.015623016609219534,0.5,0
0.0,0.0,1.0,0.0,0.04224915520824165,0.0,2
0.0,0.0,0.0,1.0,0.02257095125626741,0.625,1
0.0,0.0,0.0,1.0,0.00546691434825839,0.0,1
1.0,0.0,0.0,0.0,0.014391572295263895,0.625,3
0.0,1.0,0.0,0.0,0.03601996002612482,0.25,0
0.0,0.0,0.0,1.0,0.00883172798277813,0.125,1
1.0,0.0,0.0,0.0,0.02866072424468281,0.0,3
1.0,0.0,0.0,0.0,0.019007571996027806,0.5,3
1.0,0.0,0.0,0.0,0.01818118938574259,0.125,3
1.0,0.0,0.0,0.0,0.017267495083207744,0.75,3
0.0,0.0,0.0,1.0,0.02218791313432008,0.5,1
1.0,0.0,0.0,0.0,0.012509974635106577,0.25,3
1.0,0.0,0.0,0.0,0.010039030653160511,0.375,3
0.0,0.0,1.0,0.0,0.0260467943062948,0.0,2
1.0,0.0,0.0,0.0,0.03498976107202338,0.625,3
1.0,0.0,0.0,0.0,0.026416540056142652,0.5,3
0.0,0.0,0.0,1.0,0.008978678444531252,0.5,1
1.0,0.0,0.0,0.0,0.014039441034347658,0.375,3
1.0,0.0,0.0,0.0,0.02709263782346999,0.125,3
1.0,0.0,0.0,0.0,0.03342536450359992,0.125,3
0.0,0.0,0.0,1.0,0.005340560892407725,0.625,1
1.0,0.0,0.0,0.0,0.020884633133009776,0.0,3
0.0,0.0,1.0,0.0,0.031163747440629736,0.0,2
0.0,1.0,0.0,0.0,0.025018657379437793,0.0,0
0.0,0.0,1.0,0.0,0.056856745875220764,0.0,2
1.0,0.0,0.0,0.0,0.027257409059371598,0.375,3
0.0,1.0,0.0,0.0,0.030757035497114085,0.75,0
0.0,0.0,0.0,1.0,0.0173985564871558,0.25,1
0.0,0.0,0.0,1.0,0.024025279398983614,0.5,1
0.0,0.0,1.0,0.0,0.06924056135423647,0.25,2
0.0,0.0,0.0,1.0,0.00913410666866856,0.75,1
